{
  "feature_names": [
    "cl_carry_m1_m2",
    "cl_carry_m1_m2_change_1d",
    "cl_curve_curvature_m1_m2_m3",
    "cl_front_month_return_1d",
    "cl_m2_m3_spread",
    "cl_m3_m6_spread",
    "cot_open_interest",
    "cot_swap_dealer_net",
    "cot_swap_dealer_net_index",
    "cot_swap_dealer_net_zscore",
    "crowding_aum_to_oi",
    "crowding_contracts_to_oi",
    "inventory_seasonal_surprise",
    "inventory_value",
    "news_count",
    "news_impact_score",
    "news_tone_mean",
    "real_yield_10y",
    "roll_window_crowding_interaction",
    "roll_window_flag",
    "usd_index_value"
  ],
  "horizon_days": 5,
  "intercept": -3.3345003832083804,
  "model_type": "logistic_regression",
  "scales": {
    "cl_carry_m1_m2": 1.0,
    "cl_carry_m1_m2_change_1d": 1.0,
    "cl_curve_curvature_m1_m2_m3": 1.0,
    "cl_front_month_return_1d": 1.0,
    "cl_m2_m3_spread": 1.0,
    "cl_m3_m6_spread": 1.312000036239624,
    "cot_open_interest": 1781294.0,
    "cot_swap_dealer_net": 200885.0,
    "cot_swap_dealer_net_index": 93.8190264837186,
    "cot_swap_dealer_net_zscore": 3.6976135556075653,
    "crowding_aum_to_oi": 1.0,
    "crowding_contracts_to_oi": 1.0,
    "inventory_seasonal_surprise": 563.8000000000002,
    "inventory_value": 3972.0,
    "news_count": 1.0,
    "news_impact_score": 1.0,
    "news_tone_mean": 1.0,
    "real_yield_10y": 2.34,
    "roll_window_crowding_interaction": 1.0,
    "roll_window_flag": 1.0,
    "usd_index_value": 130.0413
  },
  "target_name": "price_direction",
  "trained_through": "2026-06-08",
  "training_count": 508,
  "weights": [
    -1.0715720534320625,
    0.06668185449922037,
    -0.31325801273438697,
    -1.9056402073711434,
    -1.258278568339804,
    -5.909170223943485,
    0.652937435347303,
    2.2840573700676656,
    -0.2369543349183981,
    -0.29435435830945933,
    0.0,
    0.0,
    -0.8566210908876623,
    3.2193850520519045,
    0.0,
    0.0,
    0.0,
    -5.714205171996113,
    0.0,
    -0.1842417093732147,
    -1.0379842582029448
  ]
}
