{
  "feature_names": [
    "cl_carry_m1_m2",
    "cl_carry_m1_m2_change_1d",
    "cl_curve_curvature_m1_m2_m3",
    "cl_front_month_return_1d",
    "cl_m2_m3_spread",
    "cl_m3_m6_spread",
    "cot_open_interest",
    "cot_swap_dealer_net",
    "cot_swap_dealer_net_index",
    "cot_swap_dealer_net_zscore",
    "crowding_aum_to_oi",
    "crowding_contracts_to_oi",
    "inventory_seasonal_surprise",
    "inventory_value",
    "news_count",
    "news_impact_score",
    "news_tone_mean",
    "real_yield_10y",
    "roll_window_crowding_interaction",
    "roll_window_flag",
    "usd_index_value"
  ],
  "horizon_days": 5,
  "intercept": -4.241872409239848,
  "model_type": "logistic_regression",
  "scales": {
    "cl_carry_m1_m2": 1.0,
    "cl_carry_m1_m2_change_1d": 1.0,
    "cl_curve_curvature_m1_m2_m3": 1.0,
    "cl_front_month_return_1d": 1.0,
    "cl_m2_m3_spread": 1.0,
    "cl_m3_m6_spread": 1.312000036239624,
    "cot_open_interest": 1781294.0,
    "cot_swap_dealer_net": 200885.0,
    "cot_swap_dealer_net_index": 93.8190264837186,
    "cot_swap_dealer_net_zscore": 3.6976135556075653,
    "crowding_aum_to_oi": 1.0,
    "crowding_contracts_to_oi": 1.0,
    "inventory_seasonal_surprise": 563.8000000000002,
    "inventory_value": 3972.0,
    "news_count": 1.0,
    "news_impact_score": 1.0,
    "news_tone_mean": 1.0,
    "real_yield_10y": 2.34,
    "roll_window_crowding_interaction": 1.0,
    "roll_window_flag": 1.0,
    "usd_index_value": 130.0413
  },
  "target_name": "spread_direction",
  "trained_through": "2026-06-08",
  "training_count": 508,
  "weights": [
    -1.9806963271916165,
    -0.34577102463234394,
    -4.6589001930839,
    -2.38038211195081,
    -1.7250923904891755,
    -6.711161727773071,
    -1.0207075085096609,
    4.7893354075635814,
    -0.0510759212548913,
    -0.1048015350406898,
    0.0,
    0.0,
    1.53675682354989,
    -2.308160968090129,
    0.0,
    0.0,
    0.0,
    -3.3500169193007063,
    0.0,
    -0.14000886781159394,
    -0.3434171431012203
  ]
}
