{
  "feature_names": [
    "cl_carry_m1_m2",
    "cl_carry_m1_m2_change_1d",
    "cl_curve_curvature_m1_m2_m3",
    "cl_front_month_return_1d",
    "cl_m2_m3_spread",
    "cl_m3_m6_spread",
    "cot_open_interest",
    "cot_swap_dealer_net",
    "cot_swap_dealer_net_index",
    "cot_swap_dealer_net_zscore",
    "crowding_aum_to_oi",
    "crowding_contracts_to_oi",
    "inventory_seasonal_surprise",
    "inventory_value",
    "news_count",
    "news_impact_score",
    "news_tone_mean",
    "real_yield_10y",
    "roll_window_crowding_interaction",
    "roll_window_flag",
    "usd_index_value"
  ],
  "horizon_days": 5,
  "intercept": 4.857809499097799,
  "model_type": "logistic_regression",
  "scales": {
    "cl_carry_m1_m2": 1.0,
    "cl_carry_m1_m2_change_1d": 1.0,
    "cl_curve_curvature_m1_m2_m3": 1.0,
    "cl_front_month_return_1d": 1.0,
    "cl_m2_m3_spread": 1.0,
    "cl_m3_m6_spread": 1.0,
    "cot_open_interest": 469165.0,
    "cot_swap_dealer_net": 33507.0,
    "cot_swap_dealer_net_index": 79.59396449361407,
    "cot_swap_dealer_net_zscore": 3.7581198665253446,
    "crowding_aum_to_oi": 1.0,
    "crowding_contracts_to_oi": 1.0,
    "inventory_seasonal_surprise": 12960.0,
    "inventory_value": 259058.0,
    "news_count": 1.0,
    "news_impact_score": 1.0,
    "news_tone_mean": 1.0,
    "real_yield_10y": 2.34,
    "roll_window_crowding_interaction": 1.0,
    "roll_window_flag": 1.0,
    "usd_index_value": 130.0413
  },
  "target_name": "spread_direction",
  "trained_through": "2026-06-08",
  "training_count": 508,
  "weights": [
    -0.9530675096443252,
    -0.14606489492507893,
    0.31776968272656175,
    -2.1853567304618853,
    -3.677730367330817,
    -6.290789697990164,
    -2.691605751706855,
    -2.886450968318123,
    1.8136736999366174,
    2.085549452887283,
    0.0,
    0.0,
    1.657358941520013,
    0.9899207433557986,
    0.0,
    0.0,
    0.0,
    -1.824066235435324,
    0.0,
    0.19966694163551513,
    2.2310737070894
  ]
}
