{
  "feature_names": [
    "cl_carry_m1_m2",
    "cl_carry_m1_m2_change_1d",
    "cl_curve_curvature_m1_m2_m3",
    "cl_front_month_return_1d",
    "cl_m2_m3_spread",
    "cl_m3_m6_spread",
    "cot_open_interest",
    "cot_swap_dealer_net",
    "cot_swap_dealer_net_index",
    "cot_swap_dealer_net_zscore",
    "crowding_aum_to_oi",
    "crowding_contracts_to_oi",
    "inventory_seasonal_surprise",
    "inventory_value",
    "news_count",
    "news_impact_score",
    "news_tone_mean",
    "real_yield_10y",
    "roll_window_crowding_interaction",
    "roll_window_flag",
    "usd_index_value"
  ],
  "horizon_days": 5,
  "intercept": 4.882885226726254,
  "model_type": "logistic_regression",
  "scales": {
    "cl_carry_m1_m2": 1.0,
    "cl_carry_m1_m2_change_1d": 1.0,
    "cl_curve_curvature_m1_m2_m3": 1.0,
    "cl_front_month_return_1d": 1.0,
    "cl_m2_m3_spread": 1.0,
    "cl_m3_m6_spread": 1.0,
    "cot_open_interest": 469165.0,
    "cot_swap_dealer_net": 33507.0,
    "cot_swap_dealer_net_index": 79.59396449361407,
    "cot_swap_dealer_net_zscore": 3.7581198665253446,
    "crowding_aum_to_oi": 1.0,
    "crowding_contracts_to_oi": 1.0,
    "inventory_seasonal_surprise": 12960.0,
    "inventory_value": 259058.0,
    "news_count": 1.0,
    "news_impact_score": 1.0,
    "news_tone_mean": 1.0,
    "real_yield_10y": 2.34,
    "roll_window_crowding_interaction": 1.0,
    "roll_window_flag": 1.0,
    "usd_index_value": 130.0413
  },
  "target_name": "price_direction",
  "trained_through": "2026-06-08",
  "training_count": 508,
  "weights": [
    -0.29504604009718244,
    -0.09649700286057449,
    0.41733482720459986,
    -4.770807804017262,
    -2.1503798304344905,
    -4.563313622747296,
    0.9506499798124214,
    -4.014096874776334,
    2.721423917435802,
    1.4760601469970382,
    0.0,
    0.0,
    1.135409864163959,
    0.8709644578870975,
    0.0,
    0.0,
    0.0,
    -5.896915462155393,
    0.0,
    0.06933039144528466,
    1.9136649878914498
  ]
}
