{
  "feature_names": [
    "cl_carry_m1_m2",
    "cl_carry_m1_m2_change_1d",
    "cl_curve_curvature_m1_m2_m3",
    "cl_front_month_return_1d",
    "cl_m2_m3_spread",
    "cl_m3_m6_spread",
    "cot_open_interest",
    "cot_swap_dealer_net",
    "cot_swap_dealer_net_index",
    "cot_swap_dealer_net_zscore",
    "crowding_aum_to_oi",
    "crowding_contracts_to_oi",
    "inventory_seasonal_surprise",
    "inventory_value",
    "news_count",
    "news_impact_score",
    "news_tone_mean",
    "real_yield_10y",
    "roll_window_crowding_interaction",
    "roll_window_flag",
    "usd_index_value"
  ],
  "horizon_days": 5,
  "intercept": 1.5982236324347734,
  "model_type": "logistic_regression",
  "scales": {
    "cl_carry_m1_m2": 1.0,
    "cl_carry_m1_m2_change_1d": 1.0,
    "cl_curve_curvature_m1_m2_m3": 2.2399978637695312,
    "cl_front_month_return_1d": 1.0,
    "cl_m2_m3_spread": 5.1100006103515625,
    "cl_m3_m6_spread": 9.680000305175781,
    "cot_open_interest": 2102705.0,
    "cot_swap_dealer_net": 572558.0,
    "cot_swap_dealer_net_index": 76.08303951052578,
    "cot_swap_dealer_net_zscore": 2.444465371767981,
    "crowding_aum_to_oi": 1.0,
    "crowding_contracts_to_oi": 1.0,
    "inventory_seasonal_surprise": 49497.20000000001,
    "inventory_value": 465729.0,
    "news_count": 1.0,
    "news_impact_score": 1.0,
    "news_tone_mean": 1.0,
    "real_yield_10y": 2.34,
    "roll_window_crowding_interaction": 1.0,
    "roll_window_flag": 1.0,
    "usd_index_value": 130.0413
  },
  "target_name": "price_direction",
  "trained_through": "2026-06-08",
  "training_count": 506,
  "weights": [
    0.04737078089411321,
    -0.3329862173795509,
    2.052883675766419,
    -5.352022831412466,
    -2.399174562773218,
    -1.832647133421229,
    4.592486328876125,
    0.03605074417008952,
    3.3997029630374187,
    0.5705007486979017,
    0.0,
    0.0,
    3.4199678912944944,
    1.1897009610862197,
    0.0,
    0.0,
    0.0,
    -5.017044894510133,
    0.0,
    0.10994493033939859,
    -0.519814851635899
  ]
}
