{
  "feature_names": [
    "cl_carry_m1_m2",
    "cl_carry_m1_m2_change_1d",
    "cl_curve_curvature_m1_m2_m3",
    "cl_front_month_return_1d",
    "cl_m2_m3_spread",
    "cl_m3_m6_spread",
    "cot_open_interest",
    "cot_swap_dealer_net",
    "cot_swap_dealer_net_index",
    "cot_swap_dealer_net_zscore",
    "crowding_aum_to_oi",
    "crowding_contracts_to_oi",
    "inventory_seasonal_surprise",
    "inventory_value",
    "news_count",
    "news_impact_score",
    "news_tone_mean",
    "real_yield_10y",
    "roll_window_crowding_interaction",
    "roll_window_flag",
    "usd_index_value"
  ],
  "horizon_days": 5,
  "intercept": 0.9526285423487946,
  "model_type": "logistic_regression",
  "scales": {
    "cl_carry_m1_m2": 1.0,
    "cl_carry_m1_m2_change_1d": 1.0,
    "cl_curve_curvature_m1_m2_m3": 2.2399978637695312,
    "cl_front_month_return_1d": 1.0,
    "cl_m2_m3_spread": 5.1100006103515625,
    "cl_m3_m6_spread": 9.680000305175781,
    "cot_open_interest": 2102705.0,
    "cot_swap_dealer_net": 572558.0,
    "cot_swap_dealer_net_index": 76.08303951052578,
    "cot_swap_dealer_net_zscore": 2.444465371767981,
    "crowding_aum_to_oi": 1.0,
    "crowding_contracts_to_oi": 1.0,
    "inventory_seasonal_surprise": 49497.20000000001,
    "inventory_value": 465729.0,
    "news_count": 1.0,
    "news_impact_score": 1.0,
    "news_tone_mean": 1.0,
    "real_yield_10y": 2.34,
    "roll_window_crowding_interaction": 1.0,
    "roll_window_flag": 1.0,
    "usd_index_value": 130.0413
  },
  "target_name": "spread_direction",
  "trained_through": "2026-06-08",
  "training_count": 506,
  "weights": [
    -0.17936023521602978,
    0.12584971730591338,
    -1.631204660632036,
    -2.3936326618345305,
    -3.3681951723012307,
    -2.512789617367754,
    5.516838282134585,
    0.45819663912679093,
    2.709397754605985,
    -0.10673713129007326,
    0.0,
    0.0,
    2.994166742094283,
    1.2696970893592212,
    0.0,
    0.0,
    0.0,
    -3.97467757075248,
    0.0,
    0.23079308634268098,
    -1.0659956096028635
  ]
}
